"避難先名称","避難が予想される住民の地区名","指定場所","管轄市町村名","避難種別","災害区分","土砂災害・浸水・津波浸水予測地域","緊急避難場所レベル（風水害）","緊急避難場所レベル（津波）","耐震性","備蓄の有無","備蓄品目（備蓄の有無）","備蓄品目（食料の有無）","備蓄品目（備蓄品目）","標高（メートル）","経度：東経（世界測地系10進法）","緯度：北緯（世界測地系10進法）","発電機（発電機の有無）","発電機（発動発電機（可搬型））","発電機（自家発電機）","施設面積（平米）屋内","施設面積（平米）屋外","収容人数","収容人数（一時）","所在地","備考1","備考２-１","備考２-２"
"カジヤ裏","高富","津波避難目標地点","串本町","広域避難場所","津波　","","","☆☆☆","","","","","",20,135.761081,33.4849348,"","","",0,0,0,20,"串本町高富0-0","",""
"稲荷山５","津荷","","串本町","避難場所","津波　","","","☆☆☆","","","","","",13,135.839072,33.5186173,"","","",0,0,0,0,"串本町津荷0-0","",""
"稲荷山４","津荷","","串本町","避難場所","津波　","","","☆☆☆","","","","","",16,135.839579,33.5183872,"","","",0,0,0,0,"串本町津荷0-0","",""
"ＪＲ保線管理ビル","西向","","串本町","避難場所","津波　","","","☆","","","","","",7,135.821213,33.5180088,"","","",0,0,0,0,"串本町西向0-0","",""
"経塚","神野川","","串本町","避難場所","津波　","","","☆☆☆","","","","","",17,135.817634,33.5126041,"","","",0,0,0,0,"串本町神野川0-0","",""
"阿部付近","鬮野川","","串本町","避難場所","津波　","","","☆☆☆","","","","","",21,135.779027,33.4814449,"","","",0,0,0,0,"串本町鬮野川0-0","",""
"鈴木宅付近","樫野","","串本町","避難場所","津波　","","","☆☆☆","","","","","",46,135.851548,33.4656834,"","","",0,0,0,0,"串本町樫野0-0","",""
"福島宅付近","樫野","","串本町","避難場所","津波　","","","☆☆☆","","","","","",46,135.85077,33.4663739,"","","",0,0,0,0,"串本町樫野0-0","",""
"バス停港口","樫野","","串本町","避難場所","津波　","","","☆☆☆","","","","","",23,135.852421,33.4683184,"","","",0,0,0,0,"串本町樫野0-0","",""
"和助の山B","有田","","串本町","避難場所","津波　","","","☆☆☆","","","","","",20,135.739946,33.4868082,"","","",0,0,0,0,"串本町有田0-0","",""
"天理の丘南","有田","","串本町","避難場所","津波　","","","☆☆☆","","","","","",9,135.738344,33.4865738,"","","",0,0,0,0,"串本町有田0-0","",""
"港谷","有田","","串本町","避難場所","津波　","","","☆☆☆","","","","","",12,135.737588,33.4884115,"","","",0,0,0,0,"串本町有田0-0","",""
"井城跡地","出雲","","串本町","避難場所","津波　","","","☆☆☆","","","","","",13,135.79261,33.4499017,"","","",0,0,0,0,"串本町出雲0-0","",""
"串本町リサイクルセンター","田並","","串本町","避難場所","津波　","","","☆☆☆","","","","","",70,135.724569,33.4867563,"","","",0,0,0,0,"串本町田並2288-1","",""
"尾の浦付近","出雲","","串本町","避難場所","津波　","","","☆☆☆","","","","","",19,135.7863717,33.45002079,"","","",0,0,0,0,"串本町出雲0-0","",""
"くしもと町立病院","サンゴ台","","串本町","避難場所","津波　","","","☆☆☆","","","","","",53,135.784483,33.4847622,"","","",0,0,0,0,"串本町サンゴ台691-7","",""
"佐居裏山","田並","","串本町","避難場所","津波　","","","☆☆☆","","","","","",9,135.721286,33.4896417,"","","",0,0,0,0,"串本町田並0-0","",""
"錦江山北","串本","","串本町","避難場所","津波　","","","☆☆☆","","","","","",20,135.772983,33.4751735,"","","",0,0,0,0,"串本町串本0-0","",""
"バス停裏","串本","","串本町","避難場所","津波　","","","☆☆☆","","","","","",18,135.775015,33.4748243,"","","",0,0,0,0,"串本町串本0-0","",""
"中の平見中腹","田子","","串本町","避難場所","津波　","","","☆☆☆","","","","","",27,135.684236,33.4920228,"","","",0,0,0,0,"串本町田子0-0","",""
"広原宅裏","串本","","串本町","避難場所","津波　","","","☆☆☆","","","","","",21,135.775237,33.4751417,"","","",0,0,0,0,"串本町串本0-0","",""
"大江戸温泉物語（４階以上）","串本","","串本町","避難場所","津波　","","","☆","","","","","",12,135.788485,33.4796033,"","","",0,0,0,0,"串本町串本2300-1","",""
"ホテルシーカンス","串本","","串本町","避難場所","津波　","","","☆","","","","","",15,135.781603,33.4692684,"","","",0,0,0,0,"串本町串本1735-33","",""
"稲垣裏山","高富","","串本町","避難場所","津波　","","","☆☆☆","","","","","",30,135.762974,33.4908282,"","","",0,0,0,0,"串本町高富0-0","",""
"上野山にしき園","津荷、古座","","串本町","福祉避難所","","","","","","","","","",62,135.83864,33.5152347,"","","",0,0,10,0,"串本町津荷29-2","",""
"潮岬あゆみ園","潮岬","","串本町","福祉避難所","","","","","","","","","",70,135.7784889,33.45493401,"","","",0,0,10,0,"串本町潮岬659-0","",""
"通園らっこ","上野山","","串本町","福祉避難所","","","","","耐震　","","","","",70,135.833665,33.5196517,"","","",0,0,0,0,"串本町津荷250-1","",""
"ほっとハウスうわの園","潮岬","","串本町","福祉避難所","","","","","","","","","",70,135.778489,33.454934,"","","",0,0,0,0,"串本町潮岬659-0","",""
"にしき園","二色","","串本町","福祉避難所","","土砂災害予測地域　津波浸水予測地域","","","耐震　","","","","",9,135.768953,33.4890728,"","","",0,0,25,0,"串本町二色160-0","",""
"小西マンション（屋上）","串本","津波避難目標地点","串本町","避難場所","津波　","津波浸水予測地域","","☆","耐震　","","","","",0,135.780891,33.4704007,"","","",0,0,0,200,"串本町串本1547-7","",""
"西向中学校（３階以上）","目津大浦・神野川","","串本町","避難場所","洪水　崖崩れ・土石流及び地滑り　地震　","","☆","","耐震　","","","","",15,135.8181072,33.51026888,"","","",731,0,0,244,"串本町西向922-0","",""
"中谷倉庫","古田","","串本町","避難場所","洪水　津波　","","☆☆☆","☆☆☆","","","","","",10,135.807963,33.5311735,"","","",0,0,0,10,"串本町古田0-0","",""
"津波避難タワー（田並）","田並","","串本町","避難場所","津波　","","","☆","耐震　","","","","",9,135.717428,33.4854498,"","","",0,0,0,12,"串本町田並1073-3","",""
"海林寺","姫","","串本町","避難場所","地震　","","","","","有","○","","無線機",16,135.796874,33.502044,"","","",80,0,27,27,"串本町姫160-0","",""
"出雲集会所","出雲","","串本町","避難場所","地震　","","","","耐震　","","","","",8,135.7915,33.448863,"","","",250,0,83,83,"串本町出雲1027-7","",""
"田ノ崎","田並","津波避難目標地点","串本町","避難場所","津波　","","","☆☆☆","","","","","",28,135.710037,33.4835687,"","","",0,0,0,40,"串本町田並0-0","",""
"かまとこの平見","田原","津波避難目標地点","串本町","避難場所","崖崩れ・土石流及び地滑り　津波　","","","☆☆☆","","","","","",50,135.888496,33.540329,"","","",0,0,0,15,"串本町田原0-0","",""
"展望台","田原","津波避難目標地点","串本町","避難場所","崖崩れ・土石流及び地滑り　津波　","","","☆☆☆","","","","","",71,135.877376,33.532799,"","","",0,0,0,10,"串本町田原0-0","",""
"むねの平見３","田原","津波避難目標地点","串本町","避難場所","津波　","","","☆☆☆","","","","","",50,135.874266,33.5355824,"","","",0,0,0,20,"串本町田原0-0","",""
"むねの平見２","田原","津波避難目標地点","串本町","避難場所","津波　","","","☆☆☆","","","","","",50,135.873192,33.5361422,"","","",0,0,0,10,"串本町田原0-0","",""
"むねの平見１","田原","津波避難目標地点","串本町","避難場所","津波　","","","☆☆☆","","","","","",50,135.873224,33.5369849,"","","",0,0,0,10,"串本町田原0-0","",""
"坊の山","田原","津波避難目標地点","串本町","避難場所","津波　","","","☆☆☆","","","","","",53,135.868562,33.5401368,"","","",0,0,0,30,"串本町田原0-0","",""
"たん谷","田原","津波避難目標地点","串本町","避難場所","津波　","","","☆☆☆","","","","","",54,135.866794,33.5375195,"","","",0,0,0,20,"串本町田原0-0","",""
"せーべの平見","田原","津波避難目標地点","串本町","避難場所","津波　","","","☆☆☆","","","","","",55,135.867113,33.534948,"","","",0,0,0,30,"串本町田原0-0","",""
"五平山","田原","津波避難目標地点","串本町","避難場所","津波　","","","☆☆☆","","","","","",48,135.868311524391,33.5336413092564,"","","",0,0,0,35,"串本町田原0-0","",""
"えびす","田原","津波避難目標地点","串本町","避難場所","津波　","","","☆☆☆","","","","","",20,135.869671,33.5328241,"","","",0,0,0,30,"串本町田原0-0","",""
"黒潮台","田原","津波避難目標地点","串本町","避難場所","津波　","","","☆☆☆","","","","","",24,135.865736603736,33.5309136067483,"","","",0,0,0,15,"串本町田原0-0","",""
"田原小学校（２階以上）","田原","津波避難目標地点","串本町","避難場所","洪水　津波　","土砂災害予測地域　津波浸水予測地域","☆","☆","耐震　","有","○","○","アルファ米",8,135.868515,33.539116,"","","",726,0,0,242,"串本町田原725-0","",""
"津波避難タワー（田原）","田原","津波避難目標地点","串本町","避難場所","津波　","津波浸水予測地域","","☆","耐震　","有","○","○","簡易トイレ、アルファ米、保存水、毛布、ブルーシート",3.9,135.870269,33.534991,"","","",0,35,0,12,"串本町田原428-0","",""
"宮様の山","津荷","津波避難目標地点","串本町","避難場所","津波　","土砂災害予測地域　","","☆☆☆","","","","","",20,135.842169374227,33.5194417815349,"","","",0,0,0,20,"串本町津荷0-0","",""
"小畑裏","津荷","津波避難目標地点","串本町","避難場所","津波　","土砂災害予測地域　","","☆☆☆","","","","","",17,135.840387,33.5172789,"","","",0,0,0,15,"串本町津荷0-0","",""
"佐藤宅付近","津荷","津波避難目標地点","串本町","避難場所","崖崩れ・土石流及び地滑り　津波　","","","☆☆☆","","","","","",26,135.840059816837,33.5150353286329,"","","",0,0,0,10,"串本町津荷0-0","",""
"上野山こども園","津荷","津波避難目標地点","串本町","避難場所","崖崩れ・土石流及び地滑り　津波　","","","☆☆☆","耐震　","","","","",60,135.836762,33.51549,"","","",0,0,0,50,"串本町津荷29-2","",""
"稲荷山３","津荷","津波避難目標地点","串本町","避難場所","津波　","土砂災害予測地域　","","☆☆☆","","","","","",20,135.83968,33.519281,"","","",0,0,0,10,"串本町津荷0-0","",""
"稲荷山２","津荷","津波避難目標地点","串本町","避難場所","津波　","土砂災害予測地域　","","☆☆☆","","","","","",20,135.839855,33.5190053,"","","",0,0,0,10,"串本町津荷0-0","",""
"稲荷山１","津荷","津波避難目標地点","串本町","避難場所","津波　","","","☆☆☆","","","","","",20,135.839946,33.5186575,"","","",0,0,0,10,"串本町津荷0-0","",""
"志うけの谷","津荷","津波避難目標地点","串本町","避難場所","津波　","土砂災害予測地域　","","☆☆☆","","","","","",16,135.839457,33.5170619,"","","",0,0,0,10,"串本町津荷0-0","",""
"永明寺裏","津荷","津波避難目標地点","串本町","避難場所","津波　","土砂災害予測地域　","","☆☆☆","","","","","",19,135.838581,33.520285,"","","",0,0,0,10,"串本町津荷0-0","",""
"上地","津荷","津波避難目標地点","串本町","避難場所","津波　","土砂災害予測地域　","","☆☆☆","","","","","",15,135.83686,33.5237655,"","","",0,0,0,20,"串本町津荷0-0","",""
"上野山北","津荷","津波避難目標地点","串本町","避難場所","津波　","土砂災害予測地域　","","☆☆☆","","","","","",26,135.83645761013,33.5202031884856,"","","",0,0,0,10,"串本町津荷0-0","",""
"上野山防災広場","津荷","津波避難目標地点","串本町","避難場所","崖崩れ・土石流及び地滑り　津波　","","","☆☆☆","","","","","",76,135.8319326,33.5190685,"","","",0,0,0,300,"串本町上野山0-0","",""
"旧上野山保育所","上野山","津波避難目標地点","串本町","避難場所","洪水　崖崩れ・土石流及び地滑り　地震　津波　","","☆☆☆","☆☆☆","耐震　","","","","",62,135.83107,33.516747,"","","",191,0,0,64,"串本町上野山143-0","",""
"造船所裏","古座","津波避難目標地点","串本町","避難場所","津波　","土砂災害予測地域　","","☆☆☆","","","","","",15,135.83537,33.5143473,"","","",0,0,0,20,"串本町古座0-0","",""
"旧古座川病院裏山","古座","津波避難目標地点","串本町","避難場所","津波　","土砂災害予測地域　","","☆☆☆","","","","","",25,135.831841528415,33.5155027072798,"","","",0,0,0,25,"串本町古座0-0","",""
"中ノ谷","古座","津波避難目標地点","串本町","避難場所","津波　","土砂災害予測地域　","","☆☆☆","","","","","",25,135.830315351486,33.5151359606123,"","","",0,0,0,20,"串本町古座0-0","",""
"青原寺","古座","津波避難目標地点","串本町","避難場所","津波　","土砂災害予測地域　","","☆☆☆","","","","","",29,135.828939378261,33.5163726062678,"","","",0,0,0,25,"串本町古座0-0","",""
"阿弥陀寺","古座","津波避難目標地点","串本町","避難場所","津波　","土砂災害予測地域　","","☆☆☆","","","","","",25,135.828191041946,33.5176405410541,"","","",89,0,0,30,"串本町古座0-0","",""
"右東谷津荷線登り口","中湊","津波避難目標地点","串本町","避難場所","津波　","","","☆☆☆","","","","","",14,135.828255414962,33.5191298375447,"","","",0,0,0,10,"串本町中湊0-0","",""
"正法寺","中湊","津波避難目標地点","串本町","避難場所","津波　","土砂災害予測地域　","","☆☆☆","","","","","",9,135.825653,33.5239503,"","","",53,0,0,18,"串本町中湊0-0","",""
"栗原（河内様裏山）","古田","津波避難目標地点","串本町","避難場所","津波　","土砂災害予測地域　","","☆☆☆","","","","","",22,135.808783,33.534956,"","","",0,0,0,10,"串本町古田0-0","",""
"地主神社","古田","津波避難目標地点","串本町","避難場所","崖崩れ・土石流及び地滑り　津波　","","","☆☆☆","","","","","",8,135.809703,33.5326966,"","","",0,0,0,13,"串本町古田0-0","",""
"市谷広場","古田","津波避難目標地点","串本町","避難場所","津波　","土砂災害予測地域　","","☆☆☆","","","","","",12,135.80868601799,33.5311550789668,"","","",0,0,0,15,"串本町古田0-0","",""
"古田第２浄水場付近","古田","津波避難目標地点","串本町","避難場所","津波　","土砂災害予測地域　","","☆☆☆","","","","","",19,135.808917,33.5302959,"","","",0,0,0,15,"串本町古田322-0","",""
"山口谷","古田","津波避難目標地点","串本町","避難場所","津波　","土砂災害予測地域　","","☆☆☆","","","","","",20,135.813292,33.5277708,"","","",0,0,0,20,"串本町古田0-0","",""
"岩渕谷","古田","津波避難目標地点","串本町","避難場所","津波　","土砂災害予測地域　","","☆☆☆","","","","","",20,135.814204,33.5266399,"","","",0,0,0,20,"串本町古田0-0","",""
"大神神社入口","西向","津波避難目標地点","串本町","避難場所","津波　","","","☆☆☆","","","","","",16,135.818271,33.5228124,"","","",0,0,0,20,"串本町西向0-0","",""
"カジヤ谷","西向","津波避難目標地点","串本町","避難場所","津波　","","","☆☆☆","","","","","",16,135.818612,33.522114,"","","",0,0,0,25,"串本町西向0-0","",""
"青年クラブ裏山","西向","津波避難目標地点","串本町","避難場所","津波　","","","☆☆☆","","","","","",20,135.819246,33.5207531,"","","",0,0,0,20,"串本町西向0-0","",""
"新宮保健所串本支所（2階以上）","西向","風水害（２階以上）","串本町","避難場所","洪水　崖崩れ・土石流及び地滑り　","津波浸水予測地域","☆☆☆","","耐震　","","","","",8,135.820885,33.5206441,"","","",0,0,0,30,"串本町西向0-0","",""
"護国神社跡","西向","津波避難目標地点","串本町","避難場所","津波　","","","☆☆☆","","","","","",21,135.819554328918,33.5190470995235,"","","",0,0,0,30,"串本町西向0-0","",""
"串本町役場古座分庁舎（３階以上）","西向","津波避難目標地点","串本町","避難場所","洪水　崖崩れ・土石流及び地滑り　","浸水予測地域　津波浸水予測地域","☆☆☆","","耐震　","有","○","○","アルファ米、毛布、衛星携帯電話、無線機",12,135.822887,33.518133,"","○","",1053,0,0,351,"串本町西向359-0","",""
"津波避難タワー（西向）","西向","津波避難目標地点","串本町","避難場所","洪水　崖崩れ・土石流及び地滑り　津波　","土砂災害予測地域　津波浸水予測地域","","☆☆","耐震　","有","○","","簡易トイレ、毛布、ブルーシート",12,135.823326,33.516241,"","","",0,50,0,17,"串本町西向536-0","",""
"火伏の森周辺","西向","津波避難目標地点","串本町","避難場所","崖崩れ・土石流及び地滑り　津波　","","","☆☆☆","","","","","",10,135.821638405323,33.5165693945429,"","","",0,0,0,10,"串本町西向0-0","",""
"岡田山","西向","津波避難目標地点","串本町","避難場所","津波　","土砂災害予測地域　","","☆☆☆","","","","","",19,135.819676,33.5155764,"","","",0,0,0,25,"串本町西向0-0","",""
"地主神社裏山","神野川","津波避難目標地点","串本町","避難場所","崖崩れ・土石流及び地滑り　津波　","","","☆☆☆","","","","","",19,135.818196,33.5149395,"","","",0,0,0,20,"串本町神野川0-0","",""
"浅利裏山","神野川","津波避難目標地点","串本町","避難場所","津波　","土砂災害予測地域　","","☆☆☆","","","","","",20,135.816192,33.5137855,"","","",0,0,0,15,"串本町神野川0-0","",""
"坂畑の山","神野川","津波避難目標地点","串本町","避難場所","津波　","土砂災害予測地域　","","☆☆☆","","","","","",20,135.8075985,33.51969341,"","","",0,0,0,15,"串本町神野川0-0","",""
"西向小学校裏山","原町・上ゲ地","津波避難目標地点","串本町","避難場所","津波　","土砂災害予測地域　","","☆☆☆","","","","","",21,135.820158,33.515219,"","","",0,0,0,0,"串本町西向638-0","",""
"目津の谷","目津大浦","津波避難目標地点","串本町","避難場所","津波　","土砂災害予測地域　","","☆☆☆","","","","","",12,135.814597606658,33.5108109161796,"","","",0,0,0,20,"串本町西向0-0","",""
"目津平見","目津大浦","津波避難目標地点","串本町","避難場所","津波　","土砂災害予測地域　","","☆☆☆","","","","","",24,135.815590023994,33.507679932161,"","","",0,0,0,20,"串本町西向0-0","",""
"目津墓地","目津大浦","津波避難目標地点","串本町","避難場所","津波　","土砂災害予測地域　","","☆☆☆","","","","","",16,135.81459224224,33.5073802463217,"","","",0,0,0,30,"串本町西向0-0","",""
"大浦墓地","目津大浦","津波避難目標地点","串本町","避難場所","津波　","土砂災害予測地域　","","☆☆☆","","","","","",16,135.812187,33.5046464,"","","",0,0,0,25,"串本町西向0-0","",""
"大浦町営住宅裏山","目津大浦","津波避難目標地点","串本町","避難場所","津波　","","","☆☆☆","","","","","",27,135.811195,33.5037377,"","","",0,0,0,30,"串本町西向0-0","",""
"五輪山","伊串","津波避難目標地点","串本町","避難場所","津波　","土砂災害予測地域　","","☆☆☆","","","","","",19,135.808804,33.504364,"","","",0,0,0,25,"串本町伊串0-0","",""
"山ノ神","伊串","津波避難目標地点","串本町","避難場所","崖崩れ・土石流及び地滑り　津波　","","","☆☆☆","","","","","",19,135.803803,33.5061125,"","","",0,0,0,20,"串本町伊串0-0","",""
"地蔵様上","伊串","津波避難目標地点","串本町","避難場所","崖崩れ・土石流及び地滑り　津波　","","","☆☆☆","","","","","",19,135.80402970314,33.5079572524609,"","","",0,0,0,15,"串本町伊串0-0","",""
"ドウ谷","伊串","津波避難目標地点","串本町","避難場所","津波　","土砂災害予測地域　","","☆☆☆","","","","","",14,135.80263,33.506985,"","","",0,0,0,30,"串本町伊串0-0","",""
"セドノ山","伊串","津波避難目標地点","串本町","避難場所","崖崩れ・土石流及び地滑り　津波　","","","☆☆☆","","","","","",16,135.802749,33.503919,"","","",0,0,0,30,"串本町伊串0-0","",""
"尾崎みかん園","伊串","津波避難目標地点","串本町","避難場所","崖崩れ・土石流及び地滑り　津波　","","","☆☆☆","","","","","",20,135.802503,33.5040777,"","","",0,0,0,25,"串本町伊串0-0","",""
"山見登り口","伊串","津波避難目標地点","串本町","避難場所","崖崩れ・土石流及び地滑り　津波　","","","☆☆☆","","","","","",12,135.803318,33.50261,"","","",0,0,0,25,"串本町伊串0-0","",""
"崩れ","姫","津波避難目標地点","串本町","避難場所","崖崩れ・土石流及び地滑り　津波　","","","☆☆☆","","","","","",25,135.80226,33.5012892,"","","",0,0,0,35,"串本町姫0-0","",""
"旧養春小学校裏山","姫","津波避難目標地点","串本町","避難場所","津波　","","","☆☆☆","","","","","",23,135.8006619,33.5011047,"","","",0,0,0,30,"串本町姫0-0","",""
"中山蜜柑畑","姫","津波避難目標地点","串本町","避難場所","津波　","土砂災害予測地域　","","☆☆☆","","","","","",13,135.800044,33.501557,"","","",0,0,0,20,"串本町姫0-0","",""
"いちすけ裏山","姫","津波避難目標地点","串本町","避難場所","津波　","土砂災害予測地域　","","☆☆☆","","","","","",17,135.798425,33.501879,"","","",0,0,0,30,"串本町姫0-0","",""
"稲荷山","姫","津波避難目標地点","串本町","避難場所","津波　","土砂災害予測地域　","","☆☆☆","","","","","",20,135.797879,33.501843,"","","",0,0,0,35,"串本町姫0-0","",""
"海林寺裏山","姫","津波避難目標地点","串本町","避難場所","津波　","土砂災害予測地域　","","☆☆☆","","有","○","","無線機",16,135.796874,33.502044,"","","",0,0,0,40,"串本町姫0-0","",""
"池田山","姫","津波避難目標地点","串本町","避難場所","津波　","土砂災害予測地域　","","☆☆☆","","","","","",24,135.79554,33.5016152,"","","",0,0,0,25,"串本町姫0-0","",""
"かじや山","姫","津波避難目標地点","串本町","避難場所","津波　","土砂災害予測地域　","","☆☆☆","","","","","",23,135.796239,33.4999953,"","","",0,0,0,30,"串本町姫0-0","新設道路付近",""
"井上山","姫","津波避難目標地点","串本町","避難場所","津波　","土砂災害予測地域　","","☆☆☆","","","","","",16,135.794919,33.4986795,"","","",0,0,0,15,"串本町姫0-0","",""
"しりでの坂","姫","津波避難目標地点","串本町","避難場所","崖崩れ・土石流及び地滑り　津波　","","","☆☆☆","","","","","",24,135.795458,33.4948444,"","","",0,0,0,10,"串本町姫0-0","",""
"JRトンネル上","鬮野川","津波避難目標地点","串本町","避難場所","津波　","","","☆☆☆","","","","","",24,135.794153,33.4893284,"","","",0,0,0,25,"串本町鬮野川0-0","",""
"坂地うどん店駐車場付近","鬮野川","津波避難目標地点","串本町","避難場所","崖崩れ・土石流及び地滑り　津波　","","","☆☆☆","","","","","",13,135.792654454708,33.489157845107,"","","",0,0,0,25,"串本町鬮野川0-0","",""
"六勝寺跡","鬮野川","津波避難目標地点","串本町","避難場所","津波　","","","☆☆☆","","","","","",19,135.792928,33.4885494,"","","",0,0,0,40,"串本町鬮野川0-0","",""
"橋杭集会所上","鬮野川","津波避難目標地点","串本町","避難場所","津波　","","","☆☆☆","","有","○","","",16,135.7917442,33.487602,"","","",0,0,0,50,"串本町鬮野川0-0","",""
"西地坂道","鬮野川","津波避難目標地点","串本町","避難場所","津波　","","","☆☆☆","","有","○","","間仕切り",30,135.790782272815,33.486663625361,"","","",0,0,0,35,"串本町鬮野川0-0","",""
"西地墓地上","鬮野川","津波避難目標地点","串本町","避難場所","津波　","","","☆☆☆","","","","","",20,135.789400935173,33.4849880957088,"","","",0,0,0,30,"串本町鬮野川0-0","",""
"大乗郷","鬮野川","津波避難目標地点","串本町","避難場所","津波　","","","☆☆☆","","","","","",9,135.776967,33.4830771,"","","",0,0,0,20,"串本町鬮野川0-0","",""
"釣り公園裏山","樫野","津波避難目標地点","串本町","避難場所","崖崩れ・土石流及び地滑り　津波　","","","☆☆☆","","","","","",30,135.849701,33.470748,"","","",0,0,0,15,"串本町樫野0-0","",""
"須江崎の坂","須江","津波避難目標地点","串本町","避難場所","津波　","土砂災害予測地域　","","☆☆☆","","","","","",34,135.827269,33.4553796,"","","",0,0,0,25,"串本町須江0-0","",""
"須江消防屯所","須江","津波避難目標地点","串本町","避難場所","崖崩れ・土石流及び地滑り　津波　","","","☆☆☆","","","","","",27,135.825819969177,33.4565080841332,"","","",0,0,0,35,"串本町須江0-0","",""
"中尾の坂","須江","津波避難目標地点","串本町","避難場所","津波　","土砂災害予測地域　","","☆☆☆","","","","","",21,135.826925039291,33.4571883663323,"","","",0,0,0,30,"串本町須江0-0","",""
"カケノ農道","須江","津波避難目標地点","串本町","避難場所","崖崩れ・土石流及び地滑り　津波　","","","☆☆☆","","","","","",31,135.829974,33.4586677,"","","",0,0,0,15,"串本町須江0-0","",""
"旧須江小学校","須江","津波避難目標地点","串本町","避難場所","崖崩れ・土石流及び地滑り　津波　","","","☆☆☆","","","","","",53,135.827300548553,33.4595133694749,"","","",0,0,0,20,"串本町須江0-0","",""
"大島保育所裏山","大島","津波避難目標地点","串本町","避難場所","津波　","土砂災害予測地域　","","☆☆☆","","","","","",27,135.809431,33.476626,"","","",0,0,0,30,"串本町大島0-0","",""
"温泉前","大島","津波避難目標地点","串本町","避難場所","津波　","土砂災害予測地域　","","☆☆☆","","","","","",24,135.804044,33.47172,"","","",0,0,0,40,"串本町大島0-0","",""
"水門神社","大島","津波避難目標地点","串本町","避難場所","津波　","土砂災害予測地域　","","☆☆☆","","","","","",39,135.804724,33.4716371,"","","",0,0,0,50,"串本町大島73-2","",""
"忠魂碑","大島","津波避難目標地点","串本町","避難場所","崖崩れ・土石流及び地滑り　津波　","","","☆☆☆","","","","","",20,135.802515,33.4698348,"","","",0,0,0,30,"串本町大島0-0","",""
"打越","大島","津波避難目標地点","串本町","避難場所","津波　","土砂災害予測地域　","","☆☆☆","","","","","",11,135.800743,33.4692205,"","","",0,0,0,20,"串本町大島0-0","",""
"水谷高台","大島","津波避難目標地点","串本町","避難場所","津波　","土砂災害予測地域　","","☆☆☆","","有","○","","",12,135.800360441207,33.4669489330185,"","","",0,0,0,15,"串本町大島0-0","",""
"薬師堂（観福寺）","出雲","津波避難目標地点","串本町","避難場所","津波　","","","☆☆☆","","","","","",18,135.793377,33.4514205,"","","",0,0,0,4,"串本町出雲87-2","",""
"西の丘","出雲","津波避難目標地点","串本町","避難場所","津波　","土砂災害予測地域　","","☆☆☆","","","","","",43,135.792291,33.449898,"","","",0,0,0,20,"串本町出雲0-0","",""
"出雲集会所裏山","出雲","津波避難目標地点","串本町","避難場所","津波　","土砂災害予測地域　","","☆☆☆","","","","","",42,135.791563,33.4492645,"","","",0,0,0,35,"串本町出雲0-0","",""
"牛尾野","出雲","津波避難目標地点","串本町","避難場所","津波　","","","☆☆☆","","","","","",31,135.791717,33.4532677,"","","",0,0,0,30,"串本町出雲0-0","",""
"ジョロコシ","出雲","津波避難目標地点","串本町","避難場所","津波　","","","☆☆☆","","","","","",36,135.791642,33.4515854,"","","",0,0,0,20,"串本町出雲0-0","",""
"墓地付近","出雲","津波避難目標地点","串本町","避難場所","崖崩れ・土石流及び地滑り　津波　","","","☆☆☆","","","","","",43,135.790882,33.449891,"","","",0,0,0,30,"串本町出雲0-0","",""
"墓地登り口","出雲","津波避難目標地点","串本町","避難場所","津波　","土砂災害予測地域　","","☆☆☆","","","","","",20,135.79007,33.4513375,"","","",0,0,0,30,"串本町出雲0-0","",""
"竹林裏","出雲","津波避難目標地点","串本町","避難場所","崖崩れ・土石流及び地滑り　津波　","","","☆☆☆","","","","","",10,135.789995,33.449383,"","","",0,0,0,30,"串本町出雲0-0","",""
"イカシキ","出雲","津波避難目標地点","串本町","避難場所","津波　","","","☆☆☆","","","","","",22,135.791185,33.455282,"","","",0,0,0,15,"串本町出雲0-0","",""
"旧小学校跡付近","出雲","津波避難目標地点","串本町","避難場所","崖崩れ・土石流及び地滑り　津波　","","","☆☆☆","","","","","",43,135.789585,33.453288,"","","",0,0,0,15,"串本町出雲0-0","",""
"周遊道路","出雲","津波避難目標地点","串本町","避難場所","崖崩れ・土石流及び地滑り　津波　","","","☆☆☆","","","","","",20,135.785274,33.448748,"","","",0,0,0,50,"串本町出雲0-0","",""
"ヘイチの坂","出雲","津波避難目標地点","串本町","避難場所","崖崩れ・土石流及び地滑り　津波　","","","☆☆☆","","","","","",19,135.787757,33.449965,"","","",0,0,0,40,"串本町出雲0-0","",""
"出雲小学校","出雲","津波避難目標地点","串本町","避難場所","洪水　崖崩れ・土石流及び地滑り　津波　","","☆☆☆","☆☆☆","耐震　","有","○","○","アルファ米",46,135.7856947,33.4478226,"","","",0,0,0,50,"串本町出雲1617-21","",""
"潮岬幼稚園","潮岬","","串本町","避難場所","洪水　崖崩れ・土石流及び地滑り　津波　","","☆☆☆","☆☆☆","耐震　","","","","",52,135.756695,33.4477488,"","","",0,0,0,50,"串本町潮岬3349-1","",""
"消防防災センター（消防本部・串本消防署）","サンゴ台","津波避難目標地点","串本町","避難場所","洪水　崖崩れ・土石流及び地滑り　津波　","","☆","☆☆☆","耐震　","","","","",24,135.787076,33.482602,"○","","",0,0,0,30,"串本町サンゴ台1256-1","",""
"総合運動公園","サンゴ台","津波避難目標地点","串本町","避難場所","崖崩れ・土石流及び地滑り　津波　","","","☆☆☆","","","","","",40,135.784299373626,33.4828740634527,"","","",0,0,0,300,"串本町サンゴ台0-0","",""
"イベント広場","サンゴ台","津波避難目標地点","串本町","避難場所","崖崩れ・土石流及び地滑り　津波　","","","☆☆☆","","","","","",30,135.78413,33.4802925,"","","",0,0,0,200,"串本町サンゴ台0-0","",""
"雨天練習場付近","サンゴ台","津波避難目標地点","串本町","避難場所","崖崩れ・土石流及び地滑り　津波　","","","☆☆☆","","","","","",12,135.783392786979,33.4800955425919,"","","",0,0,0,200,"串本町サンゴ台0-0","",""
"矢ノ熊谷","串本","津波避難目標地点","串本町","避難場所","津波　","土砂災害予測地域　","","☆☆☆","","","","","",20,135.779636,33.4754566,"","","",0,0,0,50,"串本町串本0-0","",""
"矢ノ熊踏切急傾斜上","串本","津波避難目標地点","串本町","避難場所","津波　","","","☆☆☆","","","","","",26,135.780031,33.4744828,"","","",0,0,0,50,"串本町串本0-0","",""
"奥の谷","串本","津波避難目標地点","串本町","避難場所","津波　","土砂災害予測地域　","","☆☆☆","","","","","",20,135.776926,33.4769446,"","","",0,0,0,30,"串本町串本0-0","",""
"尾の浦奥","串本","津波避難目標地点","串本町","避難場所","津波　","土砂災害予測地域　","","☆☆☆","","","","","",13,135.78415185213,33.4603301267137,"","","",0,0,0,20,"串本町串本0-0","",""
"Aコープ付近登り口","串本","津波避難目標地点","串本町","避難場所","津波　","土砂災害予測地域　","","☆☆☆","","","","","",15,135.781544744968,33.4618741125267,"","","",0,0,0,50,"串本町串本0-0","",""
"串本中学校裏山","串本","緊急避難は校舎3階以上","串本町","避難場所","津波　","土砂災害予測地域　","","☆☆☆","","","","","",13,135.780759,33.462984,"","","",0,0,0,60,"串本町串本0-0","",""
"雇用促進住宅","串本","津波避難目標地点","串本町","避難場所","津波　","土砂災害予測地域　","","☆☆☆","","","","","",16,135.77713,33.4617108,"","","",0,0,0,200,"串本町串本0-0","",""
"ギオン山","串本","津波避難目標地点","串本町","避難場所","津波　","土砂災害予測地域　","","☆☆☆","","","","","",17,135.775413,33.4681129,"","","",0,0,0,50,"串本町串本0-0","",""
"幼稚園横高台","串本","津波避難目標地点","串本町","避難場所","津波　","","","☆☆☆","","","","","",16,135.776778,33.4728793,"","","",0,0,0,70,"串本町串本0-0","",""
"西の岡（墓地上）","串本","津波避難目標地点","串本町","避難場所","津波　","","","☆☆☆","","","","","",40,135.7752764225,33.4733613985012,"","","",0,0,0,50,"串本町串本0-0","",""
"西の岡（図書館裏山）","串本","津波避難目標地点","串本町","避難場所","津波　","","","☆☆☆","","","","","",17,135.776189,33.4712805,"","","",0,0,0,100,"串本町串本0-0","",""
"串本小学校裏山","串本","津波避難目標地点","串本町","避難場所","津波　","土砂災害予測地域　","","☆☆☆","","","","","",17,135.775888,33.4714024,"","","",0,0,0,100,"串本町串本0-0","",""
"西の岡（本町通り裏山）","串本","津波避難目標地点","串本町","避難場所","津波　","","","☆☆☆","","","","","",30,135.775559,33.4705076,"","","",0,0,0,150,"串本町串本0-0","",""
"エビス山","串本","津波避難目標地点","串本町","避難場所","津波　","","","☆☆☆","","","","","",13,135.774175,33.4730166,"","","",0,0,0,20,"串本町串本0-0","",""
"マリンセンター裏山","串本","津波避難目標地点","串本町","避難場所","津波　","土砂災害予測地域　","","☆☆☆","","","","","",19,135.773826,33.4733706,"","","",0,0,0,25,"串本町串本0-0","",""
"地蔵道","串本","津波避難目標地点","串本町","避難場所","津波　","","","☆☆☆","","","","","",32,135.773532,33.4737262,"","","",0,0,0,30,"串本町串本0-0","",""
"西の岡（袋側）","串本","津波避難目標地点","串本町","避難場所","津波　","","","☆☆☆","","","","","",48,135.774499,33.4737291,"","","",0,0,0,150,"串本町串本0-0","",""
"備蓄倉庫前（西の岡）","串本","津波避難目標地点","串本町","避難場所","津波　","","","☆☆☆","","","","","",22,135.775323,33.473232,"","","",0,0,0,200,"串本町串本0-0","",""
"渡船前","串本","津波避難目標地点","串本町","避難場所","津波　","","","☆☆☆","","","","","",21,135.775833,33.477394,"","","",0,0,0,20,"串本町串本0-0","",""
"くしもとこども園（つばき園舎）","串本","","串本町","避難場所","洪水　","土砂災害予測地域　津波浸水予測地域","☆","","耐震　","","","","",6,135.7776489,33.47297,"","","",759,0,0,253,"串本町串本508-3","",""
"くしもとこども園（さくら園舎）","串本","","串本町","避難場所","洪水　","土砂災害予測地域　津波浸水予測地域","☆☆☆","","耐震　","","","","",5,135.780972,33.468914,"","","",1222,0,0,407,"串本町串本502-0","",""
"和歌山東漁協津波避難タワー","串本","津波避難目標地点","串本町","避難場所","津波　","津波浸水予測地域","","☆","耐震　","","","","",18,135.781631,33.466247,"","","",0,214,0,71,"串本町串本1885-1","",""
"津波避難タワー（串本）","串本","津波避難目標地点","串本町","避難場所","津波　","津波浸水予測地域","","☆","耐震　","有","○","","簡易トイレ、毛布、ブルーシート",10,135.778755,33.464219,"","","",0,35,0,12,"串本町串本1434-1","",""
"串本警察署（屋上）","串本","津波避難目標地点","串本町","避難場所","津波　","津波浸水予測地域","","☆","耐震　","","","","",14,135.785571,33.478288,"","","",0,644,0,215,"串本町串本2114-0","",""
"成和ビル（屋上）","串本","津波避難目標地点","串本町","避難場所","津波　","津波浸水予測地域","","☆","耐震　","有","○","","簡易トイレ",13,135.782079,33.471759,"","","",0,210,0,70,"串本町串本2304-0","",""
"紀乃国屋ビル（屋上）","串本","津波避難目標地点","串本町","避難場所","津波　","津波浸水予測地域","","☆","耐震　","有","○","","簡易トイレ",12,135.781456,33.472252,"","","",0,209,0,70,"串本町串本1801-0","",""
"旧NTTビル（屋上）","串本","津波避難目標地点","串本町","避難場所","津波　","津波浸水予測地域","","☆","耐震　","","","","",22,135.779333,33.4688081,"","","",0,538,0,179,"串本町串本1894-1","",""
"大乗","二色","津波避難目標地点","串本町","避難場所","津波　","土砂災害予測地域　","","☆☆☆","","","","","",31,135.774078,33.480342,"","","",0,0,0,20,"串本町二色0-0","",""
"茶山東","二色","津波避難目標地点","串本町","避難場所","地震　津波　","土砂災害予測地域　","","☆☆☆","","","","","",25,135.77353,33.4797986,"","","",0,0,0,15,"串本町二色0-0","",""
"茶山西","二色","津波避難目標地点","串本町","避難場所","津波　","土砂災害予測地域　","","☆☆☆","","","","","",18,135.771209,33.4801869,"","","",0,0,0,20,"串本町二色0-0","",""
"キッチョモ裏山","二色","津波避難目標地点","串本町","避難場所","津波　","土砂災害予測地域　","","☆☆☆","","","","","",31,135.770583,33.4820987,"","","",0,0,0,25,"串本町二色0-0","",""
"稲荷神社裏山","二色","津波避難目標地点","串本町","避難場所","津波　","土砂災害予測地域　","","☆☆☆","","","","","",30,135.771118998527,33.4857486872852,"","","",0,0,0,30,"串本町二色0-0","",""
"法雲寺裏山","二色","津波避難目標地点","串本町","避難場所","津波　","土砂災害予測地域　","","☆☆☆","","","","","",22,135.770172178745,33.4871423421652,"","","",0,0,0,10,"串本町二色0-0","",""
"楠の下","二色","津波避難目標地点","串本町","避難場所","崖崩れ・土石流及び地滑り　津波　","","","☆☆☆","","","","","",24,135.769757,33.488279,"","","",0,0,0,20,"串本町二色0-0","",""
"にしき園（屋上）","二色","津波避難目標地点","串本町","避難場所","津波　","土砂災害予測地域　","","☆☆","耐震　","","","","",19,135.768768,33.4890037,"","","",0,0,0,80,"串本町二色160-0","",""
"戸先２","二色","津波避難目標地点","串本町","避難場所","津波　","土砂災害予測地域　","","☆☆☆","","","","","",30,135.768903,33.478847,"","","",0,0,0,10,"串本町二色0-0","",""
"戸先１","二色","津波避難目標地点","串本町","避難場所","津波　","土砂災害予測地域　","","☆☆☆","","","","","",32,135.76888,33.4783908,"","","",0,0,0,10,"串本町二色0-0","",""
"伊平裏山","二色","津波避難目標地点","串本町","避難場所","津波　","土砂災害予測地域　","","☆☆☆","","","","","",40,135.769127,33.480367,"","","",0,0,0,15,"串本町二色0-0","",""
"戸畔","二色","津波避難目標地点","串本町","避難場所","崖崩れ・土石流及び地滑り　津波　","","","☆☆☆","","","","","",42,135.769370198249,33.4814109886975,"","","",0,0,0,25,"串本町二色0-0","",""
"又射谷","二色","津波避難目標地点","串本町","避難場所","津波　","土砂災害予測地域　","","☆☆☆","","","","","",18,135.766057,33.48412,"","","",0,0,0,25,"串本町二色0-0","",""
"旧錦富小学校裏山","高富・二色","津波避難目標地点","串本町","避難場所","崖崩れ・土石流及び地滑り　津波　","","","☆☆☆","","","","","",30,135.765135,33.4838696,"","","",0,0,0,30,"串本町二色360-0","",""
"旧錦富小学校（屋上）","高富・二色","津波避難目標地点","串本町","避難場所","津波　","土砂災害予測地域　津波浸水予測地域","","☆☆","耐震　","","","","",15,135.765095,33.483488,"","","",0,1291,430,430,"串本町二色360-0","",""
"JR高富変電所前","高富","津波避難目標地点","串本町","避難場所","津波　","土砂災害予測地域　","","☆☆☆","","","","","",30,135.762126,33.4914213,"","","",0,0,0,15,"串本町高富0-0","",""
"集会所裏","高富","津波避難目標地点","串本町","避難場所","津波　","土砂災害予測地域　","","☆☆☆","","","","","",20,135.762818,33.4851779,"","","",0,0,0,15,"串本町高富0-0","",""
"個人宅裏","高富","津波避難目標地点","串本町","避難場所","津波　","","","☆☆☆","","","","","",20,135.758312,33.485783,"","","",0,0,0,0,"串本町高富0-0","",""
"釜郷原","高富","津波避難目標地点","串本町","避難場所","津波　","","","☆☆☆","","","","","",20,135.761019,33.4867929,"","","",0,0,0,25,"串本町高富0-0","",""
"ミカン畑２","高富","津波避難目標地点","串本町","避難場所","崖崩れ・土石流及び地滑り　津波　","","","☆☆☆","","","","","",44,135.758348,33.4858119,"","","",0,0,0,30,"串本町高富0-0","",""
"ミカン畑１","高富","津波避難目標地点","串本町","避難場所","津波　","土砂災害予測地域　","","☆☆☆","","","","","",35,135.758098,33.485582,"","","",0,0,0,30,"串本町高富0-0","",""
"トラ谷","高富","津波避難目標地点","串本町","避難場所","津波　","土砂災害予測地域　","","☆☆☆","","","","","",31,135.750689,33.4831248,"","","",0,0,0,20,"串本町高富0-0","",""
"国道４２号（逢坂山トンネル方面）","高富","津波避難目標地点","串本町","避難場所","崖崩れ・土石流及び地滑り　津波　","","","☆☆☆","","","","","",24,135.7539576,33.50022559,"","","",0,0,0,30,"串本町高富0-0","",""
"逢坂山トンネル付近","有田","津波避難目標地点","串本町","避難場所","津波　","","","☆☆☆","","","","","",13,135.739678144454,33.4845183152219,"","","",0,0,0,35,"串本町有田0-0","",""
"貝岡中の硲","有田","津波避難目標地点","串本町","避難場所","崖崩れ・土石流及び地滑り　津波　","","","☆☆☆","","","","","",15,135.741119,33.487922,"","","",0,0,0,40,"串本町有田0-0","",""
"和助の山A","有田","津波避難目標地点","串本町","避難場所","津波　","","","☆☆☆","","","","","",20,135.739667,33.4864406,"","","",0,0,0,40,"串本町有田0-0","",""
"天理の丘","有田","津波避難目標地点","串本町","避難場所","津波　","","","☆☆☆","","","","","",12,135.738752782344,33.486976804878,"","","",0,0,0,25,"串本町有田0-0","",""
"港谷配水池","有田","津波避難目標地点","串本町","避難場所","津波　","","","☆☆☆","","","","","",13,135.737891,33.4885873,"","","",0,0,0,35,"串本町有田0-0","",""
"正覚寺柿山","有田","津波避難目標地点","串本町","避難場所","崖崩れ・土石流及び地滑り　津波　","土砂災害予測地域　","","☆☆☆","","","","","",20,135.7362142,33.4892252,"","","",0,0,0,30,"串本町有田0-0","",""
"風吹山登山口","有田","津波避難目標地点","串本町","避難場所","津波　","","","☆☆☆","","","","","",8,135.739278495311,33.4930276582111,"","","",0,0,0,40,"串本町有田0-0","",""
"串本有田病院付近","有田","津波避難目標地点","串本町","避難場所","津波　","","","☆☆☆","","","","","",22,135.738709867,33.4941214642062,"","","",0,0,0,50,"串本町有田0-0","",""
"大山町営住宅B","有田","津波避難目標地点","串本町","避難場所","津波　","","","☆☆☆","","","","","",20,135.736245,33.4919041,"","","",0,0,0,70,"串本町有田0-0","",""
"大山町営住宅A","有田","津波避難目標地点","串本町","避難場所","津波　","","","☆☆☆","","","","","",12,135.735723,33.4919171,"","","",0,0,0,80,"串本町有田0-0","",""
"串本西小学校裏山","有田","震災時は校舎2階以上","串本町","避難場所","津波　","","","☆☆☆","","有","○","○","",20,135.733879,33.4914772,"","","",0,0,0,80,"串本町有田0-0","",""
"チンチンアメ","有田","津波避難目標地点","串本町","避難場所","崖崩れ・土石流及び地滑り　津波　","","","☆☆☆","","","","","",8,135.731849,33.4922429,"","","",0,0,0,15,"串本町有田上0-0","",""
"和田地","有田","津波避難目標地点","串本町","避難場所","津波　","","","☆☆☆","","","","","",20,135.733518,33.4895823,"","","",0,0,0,35,"串本町有田0-0","",""
"次右衛門谷","有田","津波避難目標地点","串本町","避難場所","津波　","","","☆☆☆","","","","","",6,135.734085738658,33.4879655499213,"","","",0,0,0,25,"串本町有田0-0","",""
"出水の谷","有田","津波避難目標地点","串本町","避難場所","津波　","","","☆☆☆","","","","","",12,135.733828,33.4869664,"","","",0,0,0,20,"串本町有田0-0","",""
"佐々木山","有田","津波避難目標地点","串本町","避難場所","津波　","","","☆☆☆","","","","","",20,135.734419,33.4860215,"","","",0,0,0,20,"串本町有田0-0","",""
"旧国道（入谷）","有田","津波避難目標地点","串本町","避難場所","津波　","","","☆☆☆","","","","","",20,135.73188,33.4854436,"","","",0,0,0,25,"串本町有田0-0","",""
"国道４２号（田並寄）","有田","津波避難目標地点","串本町","避難場所","津波　","","","☆☆☆","","","","","",15,135.731394,33.486678,"","","",0,0,0,30,"串本町有田0-0","",""
"宝生寺","有田","津波避難目標地点","串本町","避難場所","津波　","","","☆☆☆","","","","","",22,135.732144,33.4937782,"","","",0,0,0,18,"串本町有田上94-0","",""
"国道42号串本方面","田並","津波避難目標地点","串本町","避難場所","津波　","","","☆☆☆","","","","","",17,135.720853,33.486731,"","","",0,0,0,20,"串本町田並0-0","",""
"旧国道１","田並","津波避難目標地点","串本町","避難場所","津波　","","","☆☆☆","","","","","",21,135.718483,33.4855997,"","","",0,0,0,50,"串本町田並0-0","",""
"天神","田並","津波避難目標地点","串本町","避難場所","津波　","","","☆☆☆","","","","","",23,135.719648,33.4902105,"","","",0,0,0,50,"串本町田並0-0","",""
"個人宅付近裏墓地","田並","津波避難目標地点","串本町","避難場所","津波　","","","☆☆☆","","","","","",16,135.73531,33.493478,"","","",0,0,0,20,"串本町田並上0-0","",""
"個人宅付近裏山","田並","津波避難目標地点","串本町","避難場所","津波　","","","☆☆☆","","","","","",9,135.718961,33.495168,"","","",0,0,0,15,"串本町田並上0-0","",""
"荒計谷","田並","津波避難目標地点","串本町","避難場所","津波　","","","☆☆☆","","","","","",18,135.716662,33.4975472,"","","",0,0,0,20,"串本町田並上0-0","",""
"津呂地平見","田並","津波避難目標地点","串本町","避難場所","津波　","","","☆☆☆","","","","","",15,135.71756,33.4928654,"","","",0,0,0,30,"串本町田並上0-0","",""
"串本西中学校（２階以上）","田並","震災時は校舎2階以上","串本町","避難場所","洪水　津波　","土砂災害予測地域　津波浸水予測地域","☆","☆☆","耐震　","有","○","○","",12,135.716668,33.4902733,"","","",0,0,0,100,"串本町田並1300-0","",""
"旧田並小学校体育館裏山","田並","津波避難目標地点","串本町","避難場所","津波　","","","☆☆☆","","","","","",33,135.716752,33.4893662,"","","",0,0,0,25,"串本町田並0-0","",""
"西峰２","田並","津波避難目標地点","串本町","避難場所","津波　","","","☆☆☆","","","","","",20,135.717439,33.4889679,"","","",0,0,0,20,"串本町田並0-0","",""
"西峰１","田並","津波避難目標地点","串本町","避難場所","津波　","","","☆☆☆","","","","","",20,135.715773,33.488235,"","","",0,0,0,20,"串本町田並0-0","",""
"円光寺裏山","田並","津波避難目標地点","串本町","避難場所","津波　","","","☆☆☆","","","","","",18,135.715673,33.4874295,"","","",0,0,0,35,"串本町田並0-0","",""
"JRトンネル裏","田並","津波避難目標地点","串本町","避難場所","津波　","","","☆☆☆","","","","","",35,135.714283,33.4879409,"","","",0,0,0,25,"串本町田並0-0","",""
"灰地","田並","津波避難目標地点","串本町","避難場所","津波　","","","☆☆☆","","","","","",42,135.713253,33.4867239,"","","",0,0,0,20,"串本町田並0-0","",""
"のうなぎ２","田並","津波避難目標地点","串本町","避難場所","津波　","","","☆☆☆","","","","","",20,135.710253,33.4896508,"","","",0,0,0,30,"串本町田並0-0","",""
"のうなぎ１","田並","津波避難目標地点","串本町","避難場所","津波　","","","☆☆☆","","","","","",31,135.709834,33.4898912,"","","",0,0,0,30,"串本町田並0-0","",""
"国道４２号（いねむりパーキング付近）","田並","津波避難目標地点","串本町","避難場所","崖崩れ・土石流及び地滑り　津波　","","","☆☆☆","","","","","",10,135.717428,33.48544979,"","","",0,0,0,25,"串本町田並0-0","",""
"国道42号（山側）江田平見登口","江田","津波避難目標地点","串本町","避難場所","崖崩れ・土石流及び地滑り　津波　","","","☆☆☆","","","","","",21,135.70437,33.4904428,"","","",0,0,0,50,"串本町江田0-0","",""
"国道42号（海側）松尾平見登口","江田","津波避難目標地点","串本町","避難場所","崖崩れ・土石流及び地滑り　津波　","","","☆☆☆","","","","","",20,135.704319,33.48934,"","","",0,0,0,60,"串本町江田0-0","",""
"個人宅付近","江田","津波避難目標地点","串本町","避難場所","津波　","土砂災害予測地域　","","☆☆☆","","","","","",20,135.656877,33.503192,"","","",0,0,0,15,"串本町江田0-0","",""
"個人宅付近","江田","津波避難目標地点","串本町","避難場所","津波　","土砂災害予測地域　","","☆☆☆","","","","","",20,135.656877,33.503192,"","","",0,15,0,0,"串本町江田0-0","",""
"個人宅付近","江田","津波避難目標地点","串本町","避難場所","津波　","土砂災害予測地域　","","☆☆☆","","","","","",20,135.656877,33.503192,"","","",0,0,0,15,"串本町江田0-0","",""
"個人宅付近","江田","津波避難目標地点","串本町","避難場所","津波　","土砂災害予測地域　","","☆☆☆","","","","","",21,135.656877,33.503192,"","","",0,0,0,15,"串本町江田0-0","",""
"個人宅付近裏山","江田","津波避難目標地点","串本町","避難場所","津波　","土砂災害予測地域　","","☆☆☆","","","","","",20,135.701623,33.494524,"","","",0,0,0,40,"串本町江田0-0","",""
"個人宅付近裏山","江田","津波避難目標地点","串本町","避難場所","津波　","土砂災害予測地域　","","☆☆☆","","","","","",18,135.701215,33.496367,"","","",0,0,0,20,"串本町江田0-0","",""
"個人宅付近裏山","江田","津波避難目標地点","串本町","避難場所","津波　","土砂災害予測地域　","","☆☆☆","","","","","",10,135.700582,33.496788,"","","",0,0,0,20,"串本町江田0-0","",""
"個人宅付近裏山","江田","津波避難目標地点","串本町","避難場所","津波　","土砂災害予測地域　","","☆☆☆","","","","","",20,135.698597,33.495848,"","","",0,0,0,30,"串本町江田0-0","",""
"富山平見","田子","津波避難目標地点","串本町","避難場所","崖崩れ・土石流及び地滑り　津波　","","","☆☆☆","","","","","",39,135.688574,33.4913613,"","","",0,0,0,50,"串本町田子0-0","",""
"中の平見中央","田子","津波避難目標地点","串本町","避難場所","崖崩れ・土石流及び地滑り　津波　","","","☆☆☆","","","","","",40,135.684912,33.491665,"","","",0,0,0,80,"串本町田子0-0","",""
"久美屋裏山","田子","津波避難目標地点","串本町","避難場所","津波　","","","☆☆☆","","","","","",22,135.683643,33.4906663,"","","",0,0,0,30,"串本町田子0-0","",""
"田子区民会館裏山","田子","津波避難目標地点","串本町","避難場所","崖崩れ・土石流及び地滑り　津波　","","","☆☆☆","","","","","",20,135.683679,33.492461,"","","",0,0,0,50,"串本町田子0-0","",""
"元峰平見下","田子","津波避難目標地点","串本町","避難場所","崖崩れ・土石流及び地滑り　津波　","","","☆☆☆","","","","","",20,135.680711,33.4908042,"","","",0,0,0,30,"串本町田子0-0","",""
"元峰平見上","田子","津波避難目標地点","串本町","避難場所","崖崩れ・土石流及び地滑り　津波　","","","☆☆☆","","","","","",44,135.682388,33.492835,"","","",0,0,0,40,"串本町田子0-0","",""
"JR田子駅","田子","津波避難目標地点","串本町","避難場所","津波　","","","☆☆☆","","","","","",13,135.677572,33.4903623,"","","",0,0,0,70,"串本町和深2954-0","",""
"金崎ガード裏山","安指","津波避難目標地点","串本町","避難場所","崖崩れ・土石流及び地滑り　津波　","","","☆☆☆","","","","","",15,135.67304,33.4916533,"","","",0,0,0,35,"串本町和深0-0","",""
"九ノ平見","安指","津波避難目標地点","串本町","避難場所","崖崩れ・土石流及び地滑り　津波　","","","☆☆☆","","","","","",22,135.671841,33.491634,"","","",0,0,0,50,"串本町和深0-0","",""
"不動さん","安指","津波避難目標地点","串本町","避難場所","崖崩れ・土石流及び地滑り　津波　","","","☆☆☆","","","","","",17,135.66998,33.4933027,"","","",0,0,0,25,"串本町和深0-0","",""
"あらの坂","安指","津波避難目標地点","串本町","避難場所","津波　","土砂災害予測地域　","","☆☆☆","","","","","",21,135.669841,33.4970478,"","","",0,0,0,40,"串本町和深0-0","",""
"鉄道法面","安指","津波避難目標地点","串本町","避難場所","崖崩れ・土石流及び地滑り　津波　","","","☆☆☆","","有","○","○","簡易トイレ、アルファ米、保存水、毛布、ブルーシート",11,135.668811,33.4932381,"","","",0,0,0,15,"串本町和深0-0","",""
"安指大橋の西","安指","津波避難目標地点","串本町","避難場所","津波　","土砂災害予測地域　","","☆☆☆","","","","","",19,135.66842,33.4918602,"","","",0,0,0,50,"串本町和深0-0","",""
"安指平見","安指","津波避難目標地点","串本町","避難場所","崖崩れ・土石流及び地滑り　津波　","","","☆☆☆","","","","","",26,135.668311,33.493783,"","","",0,0,0,70,"串本町和深0-0","",""
"民宿えびす付近","和深","津波避難目標地点","串本町","避難場所","津波　","土砂災害予測地域　","","☆☆☆","","","","","",17,135.660751,33.4988806,"","","",0,0,0,50,"串本町和深1936-1","",""
"和深屯所付近","和深","津波避難目標地点","串本町","避難場所","崖崩れ・土石流及び地滑り　津波　","土砂災害予測地域　","","☆☆☆","","有","○","○","アルファ米、無線機、保存水",14,135.65858,33.5018744,"","","",0,0,0,60,"串本町和深1027-0","",""
"和田谷","和深","津波避難目標地点","串本町","避難場所","津波　","土砂災害予測地域　","","☆☆☆","","","","","",15,135.658042,33.503372,"","","",0,0,0,20,"串本町和深0-0","",""
"中嶋","和深","津波避難目標地点","串本町","避難場所","津波　","土砂災害予測地域　","","☆☆☆","","","","","",13,135.657645,33.5040493,"","","",0,0,0,20,"串本町和深0-0","",""
"上野","和深","津波避難目標地点","串本町","避難場所","津波　","","","☆☆☆","","","","","",44,135.655961,33.5038649,"","","",0,0,0,20,"串本町和深0-0","",""
"ＪＲ和深駅付近","和深","津波避難目標地点","串本町","避難場所","崖崩れ・土石流及び地滑り　津波　","","","☆☆☆","","","","","",14,135.654982,33.501147,"","","",0,0,0,30,"串本町和深800-0","",""
"上野山にしき園","津荷","","串本町","避難所を兼ねる避難場所","津波　大規模な火事","","","☆☆☆","耐震　","","","","",62,135.838792,33.5151287,"","","",0,0,0,50,"串本町津荷29-2","",""
"潮岬あゆみ園","潮岬","","串本町","避難所を兼ねる避難場所","津波　大規模な火事","","","☆☆☆","耐震　","","","","",70,135.77871939953,33.4547325879358,"","","",0,0,0,50,"串本町潮岬659-0","",""
"正覚寺","有田","","串本町","避難所を兼ねる避難場所","地震　大規模な火事","津波浸水予測地域","","","","","","","",5,135.736378,33.489192,"","","",105,0,35,35,"串本町有田520-0","",""
"串本西小学校(体育館)","有田","","串本町","避難所を兼ねる避難場所","地震　大規模な火事","津波浸水予測地域","","","耐震　","有","○","○","アルファ米、間仕切り",4,135.7344325,33.4907378,"","","",554,0,185,185,"串本町有田411-0","",""
"円光寺","田並","","串本町","避難所を兼ねる避難場所","地震　大規模な火事","津波浸水予測地域","","","","","","","",6,135.7162578,33.48729047,"","","",150,0,50,50,"串本町田並1141-0","",""
"串本西中学校(体育館)","田並","","串本町","避難所を兼ねる避難場所","地震　大規模な火事","土砂災害予測地域　津波浸水予測地域","","","耐震　","有","○","○","アルファ米、間仕切り",5,135.7167699,33.49019201,"","","",474,0,158,158,"串本町田並1300-0","",""
"旧田並小学校(体育館)","田並","","串本町","避難所を兼ねる避難場所","地震　大規模な火事","津波浸水予測地域","","","耐震　","","","","",5,135.7174291,33.48867798,"","","",234,0,78,78,"串本町田並1212-0","",""
"植松防災センター（２階以上）","串本","","串本町","避難所を兼ねる避難場所","崖崩れ・土石流及び地滑り　地震　津波　大規模な火事","","☆☆☆","☆","","","","","",9,135.776603,33.4663793,"","","",32,0,10,10,"串本町串本1403-8","避難所で用いる場合は、災害区分津波は対象外",""
"旧錦富小学校体育館","高富・二色","","串本町","避難所を兼ねる避難場所","洪水　地震　大規模な火事","土砂災害予測地域　津波浸水予測地域","☆☆☆","","","","","","",0,135.7650806,33.48350804,"","","",0,0,150,150,"串本町二色360-0","",""
"旧稲村環境管理センター","有田","","串本町","避難所を兼ねる避難場所","津波　大規模な火事","","","☆☆☆","","","","","",48,135.738891,33.4819743,"","","",0,0,32,32,"串本町有田883-0","",""
"串本町学校給食センター","串本","","串本町","避難所を兼ねる避難場所","地震　津波　大規模な火事","","","☆☆☆","耐震　","","","","",17,135.776145,33.4712287,"","","",0,0,320,0,"串本町串本713-0","",""
"和深前地コミュニティセンター","和深","津波避難目標地点","串本町","避難所を兼ねる避難場所","崖崩れ・土石流及び地滑り　地震　津波　大規模な火事","","","☆☆☆","耐震　","","","","",32,135.651825,33.500622,"","","",93,0,31,31,"串本町和深697-2","",""
"和深公民館","和深","緊急避難は2階以上","串本町","避難所を兼ねる避難場所","洪水　地震　大規模な火事","土砂災害予測地域　","☆☆☆","","耐震　","有","○","","毛布",6,135.656882,33.502523,"","","",401,0,134,134,"串本町和深910-0","",""
"六勝寺","古田","津波避難目標地点","串本町","避難所を兼ねる避難場所","洪水　地震　津波　大規模な火事","","☆","☆☆☆","","有","○","○","アルファ米、保存水、毛布",10,135.8116126,33.5298078,"","","",76,0,25,25,"串本町古田197-0","",""
"老人憩の家「福寿荘」","姫","","串本町","避難所を兼ねる避難場所","洪水　崖崩れ・土石流及び地滑り　地震　大規模な火事","土砂災害予測地域　津波浸水予測地域","☆☆☆","","耐震　","","","","",8,135.796986,33.497799,"","","",148,0,49,49,"串本町姫718-1","",""
"老人憩の家「わかしお」","串本","","串本町","避難所を兼ねる避難場所","洪水　崖崩れ・土石流及び地滑り　地震　大規模な火事","津波浸水予測地域","☆☆☆","","耐震　","","","","",5,135.7791627,33.4674597,"","","",326,0,109,109,"串本町串本1252-0","",""
"蓮生寺","大島","津波避難目標地点","串本町","避難所を兼ねる避難場所","洪水　地震　津波　大規模な火事","土砂災害予測地域　","☆","☆☆☆","","","","","",17,135.8040277,33.4716986,"","","",100,0,33,33,"串本町大島77-0","",""
"里川集会所","里川","","串本町","避難所を兼ねる避難場所","洪水　地震　津波　大規模な火事","土砂災害予測地域　","☆☆☆","☆☆☆","耐震　","有","○","○","アルファ米、無線機",90,135.6573632,33.5428655,"","","",57,0,19,19,"串本町里川636-0","",""
"法雲寺","二色","津波避難目標地点","串本町","避難所を兼ねる避難場所","地震　大規模な火事","","","","","","","","",7,135.770172178745,33.4871423421652,"","","",144,0,48,48,"串本町二色227-0","",""
"平松コミュニティセンター","潮岬","","串本町","避難所を兼ねる避難場所","洪水　崖崩れ・土石流及び地滑り　地震　津波　大規模な火事","","☆☆☆","☆☆☆","耐震　","有","○","○","アルファ米、保存水、毛布",66,135.768179,33.455707,"","","",108,0,36,36,"串本町潮岬360-1","",""
"萩尾塔石集会所","潮岬","","串本町","避難所を兼ねる避難場所","洪水　崖崩れ・土石流及び地滑り　地震　津波　大規模な火事","","☆☆☆","☆☆☆","耐震　","有","○","○","アルファ米、保存水、毛布",75,135.776395,33.453521,"","","",99,0,33,33,"串本町潮岬807-1","",""
"南丁寺","須江","","串本町","避難所を兼ねる避難場所","地震　津波　大規模な火事","","","☆☆☆","","","","","",24,135.828372,33.457511,"","","",84,0,28,28,"串本町須江25-0","",""
"徳泉寺","鬮野川","","串本町","避難所を兼ねる避難場所","地震　津波　大規模な火事","土砂災害予測地域　","","☆☆☆","","有","○","","無線機",29,135.7859418,33.4962276,"","","",183,0,61,61,"串本町鬮野川214-0","",""
"東地花卉集荷施設","和深","津波避難目標地点","串本町","避難所を兼ねる避難場所","崖崩れ・土石流及び地滑り　地震　津波　大規模な火事","","","☆☆☆","耐震　","","","","",38,135.6577669,33.4986727,"","","",101,0,34,34,"串本町和深1851-0","",""
"田原小学校（体育館）","田原","","串本町","避難所を兼ねる避難場所","地震　大規模な火事","津波浸水予測地域","","","耐震　","有","○","○","アルファ米",4,135.868515,33.539116,"","","",368,0,123,123,"串本町田原725-0","地震のみ避難場所",""
"潮岬中学校（体育館）","潮岬","","串本町","避難所を兼ねる避難場所","洪水　崖崩れ・土石流及び地滑り　地震　津波　大規模な火事","","☆☆☆","☆☆☆","耐震　","有","○","","間仕切り、大型テント、毛布",53,135.755364,33.44834,"","","",637,0,212,212,"串本町潮岬3349-0","",""
"潮岬青少年の家","出雲","津波避難目標地点","串本町","避難所を兼ねる避難場所","洪水　崖崩れ・土石流及び地滑り　津波　大規模な火事","","☆☆☆","☆☆☆","","有","○","","無線機",46,135.780534,33.446471,"","","",0,0,425,425,"串本町潮岬669-0","",""
"潮岬小学校（体育館）","潮岬","","串本町","避難所を兼ねる避難場所","洪水　崖崩れ・土石流及び地滑り　地震　津波　大規模な火事","","☆☆☆","☆☆☆","耐震　","有","○","○","アルファ米、毛布",57,135.75952,33.447715,"","","",513,0,171,171,"串本町潮岬3136-0","",""
"潮岬公民館","潮岬","","串本町","避難所を兼ねる避難場所","洪水　崖崩れ・土石流及び地滑り　地震　津波　大規模な火事","","☆☆☆","☆☆☆","耐震　","有","○","○","アルファ米、保存水、毛布",66,135.7605839,33.4484162,"","","",584,0,195,195,"串本町潮岬3454-1","",""
"大島中学校（体育館）","大島・須江・樫野","","串本町","避難所を兼ねる避難場所","洪水　崖崩れ・土石流及び地滑り　地震　津波　大規模な火事","","☆☆☆","☆☆☆","耐震　","有","○","","間仕切り",81,135.825926,33.466961,"","","",491,0,164,164,"串本町須江1482-0","",""
"大島消防屯所","大島","津波避難目標地点","串本町","避難所を兼ねる避難場所","洪水　崖崩れ・土石流及び地滑り　地震　津波　大規模な火事","","☆☆☆","☆☆☆","耐震　","","","","",70,135.8102282,33.47062197,"","","",27,0,9,9,"串本町大島1572-1","",""
"大島小学校（体育館）","大島・須江・樫野","","串本町","避難所を兼ねる避難場所","洪水　崖崩れ・土石流及び地滑り　地震　津波　大規模な火事","","☆☆☆","☆☆☆","耐震　","有","○","○","アルファ米、大型テント、無線機、保存水",72,135.82451,33.46756,"","","",585,0,195,195,"串本町須江1577-11","",""
"赤瀬公民館","安指・田子","津波避難目標地点","串本町","避難所を兼ねる避難場所","洪水　崖崩れ・土石流及び地滑り　地震　津波　大規模な火事","土砂災害予測地域　","☆☆☆","☆☆☆","","有","○","○","アルファ米、無線機、保存水",28,135.67597,33.489781,"","","",828,0,276,276,"串本町和深2876-0","",""
"西地花卉集荷施設","和深","津波避難目標地点","串本町","避難所を兼ねる避難場所","崖崩れ・土石流及び地滑り　地震　津波　大規模な火事","","","☆☆☆","耐震　","有","○","","",45,135.817798,33.510114,"","","",102,0,34,34,"串本町和深535-4","",""
"西向中学校（体育館）","目津大浦・神野川","","串本町","避難所を兼ねる避難場所","地震　大規模な火事","津波浸水予測地域","","","耐震　","有","○","","間仕切り",7,135.817798,33.510114,"","","",616,0,205,205,"串本町西向922-0","",""
"西向小学校（体育館）","神野川・原町・上ゲ地・住吉","津波避難目標地点","串本町","避難所を兼ねる避難場所","洪水　地震　津波　大規模な火事","土砂災害予測地域　","☆","☆☆☆","耐震　","有","○","○","アルファ米、大型テント、毛布",8,135.820158,33.515219,"","","",429,0,143,143,"串本町西向638-0","",""
"正法寺","上田原","津波避難目標地点","串本町","避難所を兼ねる避難場所","洪水　崖崩れ・土石流及び地滑り　地震　津波　大規模な火事","","☆☆☆","☆☆☆","","","","","",10,135.8691043,33.55818583,"","","",67,0,22,22,"串本町上田原1185-0","",""
"成就寺","岩淵","津波避難目標地点","串本町","避難所を兼ねる避難場所","洪水　地震　津波　大規模な火事","土砂災害予測地域　","☆","☆☆","","","","","",10,135.819765,33.518035,"","","",102,0,34,34,"串本町西向396-0","",""
"須江コミュニティセンター","須江","","串本町","避難所を兼ねる避難場所","洪水　地震　津波　大規模な火事","土砂災害予測地域　","☆☆☆","☆☆☆","耐震　","","","","",88,135.826071,33.462696,"","","",41,0,14,14,"串本町須江721-2","",""
"晋済寺","佐部","","串本町","避難所を兼ねる避難場所","洪水　地震　津波　大規模な火事","","☆☆☆","☆☆☆","","","","","",21,135.8444989,33.5541179,"","","",74,0,25,25,"串本町佐部428-0","",""
"上品寺","和深","津波避難目標地点","串本町","避難所を兼ねる避難場所","地震　津波　大規模な火事","土砂災害予測地域　","","☆☆☆","","","","","",12,135.6558534,33.5032287,"","","",124,0,41,41,"串本町和深929-0","",""
"小河口多目的集会所","和深","津波避難目標地点","串本町","避難所を兼ねる避難場所","洪水　地震　津波　大規模な火事","","☆","☆☆☆","耐震　","","","","",16,135.658008,33.509004,"","","",101,0,34,34,"串本町和深1170-0","",""
"宗福寺","神野川","津波避難目標地点","串本町","避難所を兼ねる避難場所","洪水　地震　津波　大規模な火事","土砂災害予測地域　","☆","☆☆☆","","有","○","","保存水、毛布",10,135.816105008125,33.5157129150347,"","","",77,0,26,26,"串本町神野川1211-0","",""
"山村交流センター","田原","","串本町","避難所を兼ねる避難場所","崖崩れ・土石流及び地滑り　地震　大規模な火事","津波浸水予測地域","","","耐震　","","","","",4,135.868302,33.535713,"","","",331,0,110,110,"串本町田原277-4","",""
"光明寺","高富","津波避難目標地点","串本町","避難所を兼ねる避難場所","崖崩れ・土石流及び地滑り　地震　津波　大規模な火事","土砂災害予測地域　","","☆☆☆","","有","○","○","アルファ米、保存水",17,135.763836,33.4873042,"","","",79,0,26,26,"串本町高富375-0","",""
"古田コミュニティセンター","古田","","串本町","避難所を兼ねる避難場所","洪水　地震　津波　大規模な火事","土砂災害予測地域　津波浸水予測地域","☆☆☆","☆☆☆","耐震　","","","","",9,135.812542,33.530176,"","","",50,0,16,16,"串本町古田199-1","",""
"古座福祉センター","上野山","","串本町","避難所を兼ねる避難場所","洪水　崖崩れ・土石流及び地滑り　地震　津波　大規模な火事","","☆☆☆","☆☆☆","耐震　","","","","",74,135.833459,33.518338,"","","",1306,0,435,435,"串本町上野山291-4","",""
"古座小学校（体育館フロア）","中湊","","串本町","避難所を兼ねる避難場所","洪水　地震　大規模な火事","土砂災害予測地域　津波浸水予測地域","☆","","耐震　","有","○","○","アルファ米、間仕切り",13,135.8267261,33.52208648,"","","",540,0,180,180,"串本町中湊160-0","",""
"古座ヴィラコミュニティセンター","田原","","串本町","避難所を兼ねる避難場所","洪水　崖崩れ・土石流及び地滑り　地震　津波　大規模な火事","","☆☆☆","☆☆☆","耐震　","有","○","○","無線機、アルファ米、保存水、毛布",27,135.862582,33.529513,"","","",77,0,26,26,"串本町田原3704-101","",""
"串本町立体育館","串本","","串本町","避難所を兼ねる避難場所","洪水　崖崩れ・土石流及び地滑り　地震　大規模な火事","津波浸水予測地域","☆☆☆","","耐震　","","","","",3,135.783764,33.472073,"","","",2148,0,716,716,"串本町串本2427-0","",""
"串本中学校（体育館）","串本","緊急避難は校舎3階以上","串本町","避難所を兼ねる避難場所","地震　大規模な火事","津波浸水予測地域","","","耐震　","","","","",5,135.780759,33.462984,"","","",943,0,314,314,"串本町串本1620-0","",""
"旧和深中学校","和深","","串本町","避難所を兼ねる避難場所","地震　津波　大規模な火事","","","☆☆☆","","","","","",11,135.656414,33.504482,"","","",2725,0,902,902,"串本町和深978-0","",""
"旧田原中学校（２階以上）","田原","","串本町","避難所を兼ねる避難場所","洪水　崖崩れ・土石流及び地滑り　地震　津波　大規模な火事","津波浸水予測地域","☆","☆","耐震　","有","○","","大型テント、間仕切り",4,135.867969,33.537582,"","","",1385,0,462,462,"串本町田原700-0","地震のみの場合",""
"旧西向幼稚園","原町・上ゲ地・住吉","","串本町","避難所を兼ねる避難場所","洪水　崖崩れ・土石流及び地滑り　地震　大規模な火事","津波浸水予測地域","☆☆☆","","耐震　","","","","",3,135.820504,33.5127,"","","",420,0,140,140,"串本町西向858-3","",""
"願成寺","田子","","串本町","避難所を兼ねる避難場所","地震　津波　大規模な火事","土砂災害予測地域　","","☆☆☆","","","","","",13,135.683536,33.494587,"","","",76,0,25,25,"串本町田子89-0","",""
"観福寺","出雲","津波避難目標地点","串本町","避難所を兼ねる避難場所","洪水　地震　津波　大規模な火事","土砂災害予測地域　","☆","☆☆☆","","","","","",17,135.793387,33.451417,"","","",96,0,32,32,"串本町出雲103-0","",""
"樫野集会所","樫野","","串本町","避難所を兼ねる避難場所","洪水　崖崩れ・土石流及び地滑り　地震　津波　大規模な火事","","☆☆☆","☆☆☆","耐震　","","","","",48,135.849118,33.468525,"","","",130,0,43,43,"串本町樫野852-0","",""
"海蔵寺","伊串","","串本町","避難所を兼ねる避難場所","地震　津波　大規模な火事","土砂災害予測地域　","","☆☆☆","","有","○","○","アルファ米、毛布",10,135.806401,33.505721,"","","",89,0,30,30,"串本町伊串144-0","",""
"永明寺","津荷","","串本町","避難所を兼ねる避難場所","地震　大規模な火事","土砂災害予測地域　浸水予測地域　津波浸水予測地域","","","","","","","",7,135.838581,33.520285,"","","",92,0,31,31,"串本町津荷533-0","",""
"伊串多目的集会所","伊串","","串本町","避難所を兼ねる避難場所","洪水　崖崩れ・土石流及び地滑り　地震　大規模な火事","","☆☆☆","","耐震　","","","","",6,135.804369,33.5032594,"","","",193,0,64,64,"串本町伊串264-2","",""
"目津大浦集会所","目津大浦","","串本町","避難所を兼ねる避難場所","地震　大規模な火事","津波浸水予測地域","","","","","","","",5,135.817273,33.506643,"","","",115,0,38,38,"串本町西向1480-49","",""
"妙福寺","住吉","","串本町","避難所を兼ねる避難場所","洪水　崖崩れ・土石流及び地滑り　地震　大規模な火事","津波浸水予測地域","☆☆","","","","","","",10,135.8222697,33.5165557,"","","",80,0,27,27,"串本町西向577-0","",""
"武道館","串本","","串本町","避難所を兼ねる避難場所","地震　大規模な火事","津波浸水予測地域","","","耐震　","","","","",3,135.784787,33.4742711,"","","",568,0,189,189,"串本町串本2564-0","地震のみ避難場所",""
"橋杭集会所","鬮野川","","串本町","避難所を兼ねる避難場所","洪水　地震　大規模な火事","土砂災害予測地域　津波浸水予測地域","☆","","耐震　","有","○","","毛布",9,135.7917442,33.487602,"","","",570,0,190,190,"串本町鬮野川1455-1","",""
"二色多目的集会所","二色","","串本町","避難所を兼ねる避難場所","洪水　崖崩れ・土石流及び地滑り　地震　大規模な火事","津波浸水予測地域","☆☆☆","","耐震　","有","○","","毛布",4,135.766932,33.482219,"","","",231,0,77,77,"串本町二色372-1","",""
"西向多目的集会所","西向","","串本町","避難所を兼ねる避難場所","地震　大規模な火事","土砂災害予測地域　津波浸水予測地域","","","耐震　","","","","",8,135.8202234,33.51444387,"","","",226,0,75,75,"串本町西向648-1","",""
"二区会館","串本","","串本町","避難所を兼ねる避難場所","洪水　崖崩れ・土石流及び地滑り　地震　大規模な火事","津波浸水予測地域","☆","","耐震　","","","","",3,135.780792,33.467224,"","","",120,0,40,40,"串本町串本1940-0","",""
"中湊コミュニティセンター","中湊","","串本町","避難所を兼ねる避難場所","地震　大規模な火事","土砂災害予測地域　津波浸水予測地域","","","耐震　","","","","",4,135.823925,33.522449,"","","",210,0,70,70,"串本町中湊163-12","",""
"町民文化センター","西向","","串本町","避難所を兼ねる避難場所","洪水　地震　大規模な火事","土砂災害予測地域　津波浸水予測地域","☆☆☆","","","","","","",4,135.824003,33.5165213,"","","",324,0,108,108,"串本町西向450-0","",""
"田並上多目的集会所（愛民会館）","田並","津波避難目標地点","串本町","避難所を兼ねる避難場所","洪水　地震　津波　大規模な火事","","☆☆☆","☆☆☆","","","","","",13,135.718645,33.4958793,"","","",84,0,28,28,"串本町田並上95-3","",""
"田子多目的集会所","田子","","串本町","避難所を兼ねる避難場所","地震　大規模な火事","津波浸水予測地域","","","耐震　","","","","",4,135.683749,33.4925213,"","","",136,0,45,45,"串本町田子118-5","",""
"高富地区集会所","高富","","串本町","避難所を兼ねる避難場所","地震　大規模な火事","","","","耐震　","","","","",5,135.763069,33.4851202,"","","",88,0,29,29,"串本町高富485-3","地震のみ避難場所",""
"須江・浜須賀集会所","須江","","串本町","避難所を兼ねる避難場所","洪水　崖崩れ・土石流及び地滑り　地震　津波　大規模な火事","","☆☆☆","☆☆☆","耐震　","有","○","","",59,135.827707,33.458834,"","","",109,0,36,36,"串本町須江635-0","",""
"サンゴ台集会所","サンゴ台","津波避難目標地点","串本町","避難所を兼ねる避難場所","洪水　崖崩れ・土石流及び地滑り　地震　津波　大規模な火事","","☆☆☆","☆☆☆","耐震　","","","","",42,135.781333,33.482445,"","","",83,0,28,28,"串本町サンゴ台1060-140","",""
"三区会館","串本","","串本町","避難所を兼ねる避難場所","洪水　崖崩れ・土石流及び地滑り　地震　大規模な火事","津波浸水予測地域","☆☆☆","","耐震　","","","","",6,135.777813,33.468001,"","","",88,0,29,29,"串本町串本1049-6","地震のみ避難場所",""
"佐部集会所","佐部","","串本町","避難所を兼ねる避難場所","洪水　崖崩れ・土石流及び地滑り　地震　津波　大規模な火事","","☆☆☆","☆☆☆","耐震　","","","","",13,135.8558598,33.5499262,"","","",120,0,40,40,"串本町佐部320-0","",""
"古座消防拠点施設","古座","","串本町","避難所を兼ねる避難場所","地震　大規模な火事","土砂災害予測地域　津波浸水予測地域","","","","","","","",4,135.827966,33.5148611,"","","",94,0,31,31,"串本町古座274-2","地震のみ避難場所",""
"古座小学校（２階以上）","中湊","津波避難目標地点","串本町","避難所を兼ねる避難場所","崖崩れ・土石流及び地滑り　大規模な火事","土砂災害予測地域　津波浸水予測地域","","","耐震　","","","","",13,135.826716,33.522089,"","","",960,0,320,0,"串本町中湊161-0","",""
"古座集会所","古座","","串本町","避難所を兼ねる避難場所","地震　大規模な火事","土砂災害予測地域　津波浸水予測地域","","","耐震　","","","","",5,135.834643,33.516778,"","","",91,0,30,30,"串本町古座348-0","地震のみ避難場所",""
"古座公民館","中湊","津波避難目標地点","串本町","避難所を兼ねる避難場所","地震　津波　大規模な火事","","","☆☆☆","耐震　","","","","",8,135.826349,33.520508,"","","",250,0,83,83,"串本町中湊65-0","",""
"クラブハウス","サンゴ台","津波避難目標地点","串本町","避難所を兼ねる避難場所","洪水　崖崩れ・土石流及び地滑り　地震　津波　大規模な火事","","☆☆☆","☆☆☆","耐震　","","","","",40,135.785125,33.483432,"","","",265,0,88,88,"串本町サンゴ台1060-42","",""
"串本町立文化センター","串本","","串本町","避難所を兼ねる避難場所","洪水　崖崩れ・土石流及び地滑り　大規模な火事","津波浸水予測地域","☆☆☆","","耐震　","","","","",3,135.78403,33.4724968,"","","",631,0,210,210,"串本町串本2427-0","",""
"串本小学校（体育館）","串本","","串本町","避難所を兼ねる避難場所","洪水　崖崩れ・土石流及び地滑り　地震　大規模な火事","土砂災害予測地域　津波浸水予測地域","☆","","耐震　","","","","",6,135.777259,33.470462,"","","",472,0,157,157,"串本町串本776-0","",""
"串本古座高校古座校舎体育館","中湊","津波避難目標地点","串本町","避難所を兼ねる避難場所","地震　津波　大規模な火事","土砂災害予測地域　","","☆☆☆","耐震　","有","○","","",9,135.828096,33.523117,"","","",1759,0,586,586,"串本町中湊377-0","",""
"串本古座高校串本校舎体育館","串本","津波避難目標地点","串本町","避難所を兼ねる避難場所","地震　津波　大規模な火事","土砂災害予測地域　","","☆☆☆","耐震　","有","○","○","アルファ米、間仕切り",13,135.7794181,33.4614075,"","","",1908,0,636,636,"串本町串本1522-0","",""
"旧養春小学校","姫","","串本町","避難所を兼ねる避難場所","洪水　地震　大規模な火事","土砂災害予測地域　津波浸水予測地域","☆☆☆","","耐震　","有","○","○","アルファ米、保存水、毛布",4,135.8006619,33.5011047,"","","",1290,0,430,430,"串本町姫27-0","",""
"神野川会館","神野川","","串本町","避難所を兼ねる避難場所","崖崩れ・土石流及び地滑り　地震　大規模な火事","津波浸水予測地域","","","","","","","",5,135.817538,33.51438159,"","","",54,0,18,18,"串本町西向22-1","",""
"上田原生活改善センター","上田原","","串本町","避難所を兼ねる避難場所","地震　津波　大規模な火事","浸水予測地域　","","☆☆☆","","","","","",10,135.869722,33.5610474,"","","",112,0,37,37,"串本町上田原867-1","",""
"海蔵寺","江田","津波避難目標地点","串本町","避難所を兼ねる避難場所","洪水　地震　津波　大規模な火事","","☆","☆☆☆","","","","","",13,135.704296,33.492735,"","","",51,0,17,17,"串本町江田528-0","",""
"大水崎会館","串本","","串本町","避難所を兼ねる避難場所","地震　大規模な火事","津波浸水予測地域","","","耐震　","","","","",5,135.7856764,33.47914356,"","","",87,0,29,29,"串本町串本2075-0","",""
"江田多目的集会所","江田","","串本町","避難所を兼ねる避難場所","地震　大規模な火事","津波浸水予測地域","","","耐震　","","","","",4,135.700226,33.4948286,"","","",136,0,45,45,"串本町江田91-1","地震のみ避難場所",""
"安指会館","安指","","串本町","避難所を兼ねる避難場所","地震　大規模な火事","津波浸水予測地域","","","耐震　","","","","",5,135.669554,33.4921594,"","","",110,0,37,37,"串本町和深2720-5","",""
"古座あさかぜ園","上田原","","串本町","避難所を兼ねる避難場所","洪水　崖崩れ・土石流及び地滑り　津波　大規模な火事","","☆☆☆","☆☆☆","","","","","",9,135.869747,33.555816,"","","",264,0,88,88,"串本町上田原1237-0","",""
"古座漁村センター","古座","","串本町","避難所を兼ねる避難場所","洪水　地震　大規模な火事","土砂災害予測地域　津波浸水予測地域","☆☆☆","","耐震　","","","","",4,135.827361,33.516771,"","","",609,0,203,203,"串本町古座164-1","",""
"田原区民会館","田原","","串本町","避難所を兼ねる避難場所","洪水　崖崩れ・土石流及び地滑り　地震　大規模な火事","津波浸水予測地域","☆☆☆","","耐震　","有","○","","ブルーシート",4,135.869058,33.536818,"","","",70,0,23,23,"串本町田原540-0","",""
"津荷集会所","津荷","","串本町","避難所を兼ねる避難場所","洪水　崖崩れ・土石流及び地滑り　地震　大規模な火事","津波浸水予測地域","☆☆☆","","耐震　","有","○","○","無線機、アルファ米、保存水、毛布",4,135.8407273,33.5198905,"","","",198,0,66,66,"串本町津荷376-0","",""
"紀伊大島開発総合センター","大島","","串本町","避難所を兼ねる避難場所","洪水　地震　大規模な火事","土砂災害予測地域　津波浸水予測地域","☆","","耐震　","有","○","","無線機、毛布",3,135.801885,33.472214,"","","",563,0,188,188,"串本町大島8-10","",""
"ふれあいの家","出雲","津波避難目標地点","串本町","避難所を兼ねる避難場所","洪水　崖崩れ・土石流及び地滑り　地震　津波　大規模な火事","","☆☆☆","☆☆☆","耐震　","","","","",57,135.781224,33.449703,"","","",79,0,26,26,"串本町出雲1614-1","",""
"有田公民館","有田","","串本町","避難所を兼ねる避難場所","洪水　崖崩れ・土石流及び地滑り　地震　大規模な火事","土砂災害予測地域　","☆☆☆","","耐震　","有","○","","無線機、毛布",4,135.7369888,33.48652,"","","",361,0,120,120,"串本町有田630-0","",""
"田並公民館","田並","震災時は校舎2階以上","串本町","避難所を兼ねる避難場所","洪水　崖崩れ・土石流及び地滑り　地震　大規模な火事","土砂災害予測地域　","☆☆☆","","耐震　","有","○","","毛布",5,135.715505,33.485897,"","","",415,0,138,138,"串本町田並910-0","",""
"和深総合センター","和深","津波避難目標地点","串本町","避難所を兼ねる避難場所","洪水　崖崩れ・土石流及び地滑り　地震　津波　大規模な火事","","☆☆☆","☆☆☆","耐震　","有","○","○","アルファ米、無線機、保存水",39,135.6517562,33.5019044,"○","","○",809,0,270,270,"串本町和深689-0","",""
